{
  "benchmark": "maxsat_5000v",
  "method": "cmaes",
  "seed": 789,
  "timestamp": "2026-04-18T01:39:16Z",
  "environment": {
    "torch_version": "2.11.0+cu130",
    "python_version": "3.12.3",
    "platform": "Linux",
    "platform_release": "6.17.0-20-generic",
    "cuda_version": "13.0",
    "gpu_model": "NVIDIA GeForce RTX 5090",
    "gpu_count": 1,
    "peak_gpu_memory_mb": 60.83
  },
  "hyperparameters": {
    "popsize": 50,
    "sigma0": 1.0,
    "cra_lambda": 0.0,
    "cra_alpha": 2,
    "num_vars": 5000,
    "max_evals": 50000,
    "CMA_diagonal": true
  },
  "metrics": {
    "final_accuracy": 0.9447749257087708,
    "best_accuracy": 0.9447749257087708,
    "wall_time_seconds": 1.9216539859771729,
    "peak_gpu_memory_mb": 60.83,
    "function_evals": 14050,
    "total_steps": 281,
    "num_satisfied": 20170,
    "num_unsatisfied": 1179,
    "num_clauses": 21349
  },
  "epoch_logs": [
    {
      "epoch": 100,
      "accuracy": 0.9224787950515747,
      "loss": 0.07752120494842529,
      "time": 0.6678128242492676
    },
    {
      "epoch": 200,
      "accuracy": 0.9426202774047852,
      "loss": 0.05737978219985962,
      "time": 1.3790199756622314
    },
    {
      "epoch": 281,
      "accuracy": 0.9447749257087708,
      "loss": 0.05522513389587402,
      "time": 1.9215245246887207
    }
  ],
  "step_logs": []
}