{
  "benchmark": "maxsat_1000v",
  "method": "cmaes",
  "seed": 123,
  "timestamp": "2026-04-18T01:37:54Z",
  "environment": {
    "torch_version": "2.11.0+cu130",
    "python_version": "3.12.3",
    "platform": "Linux",
    "platform_release": "6.17.0-20-generic",
    "cuda_version": "13.0",
    "gpu_model": "NVIDIA GeForce RTX 5090",
    "gpu_count": 1,
    "peak_gpu_memory_mb": 18.67
  },
  "hyperparameters": {
    "popsize": 50,
    "sigma0": 1.0,
    "cra_lambda": 0.0,
    "cra_alpha": 2,
    "num_vars": 1000,
    "max_evals": 50000,
    "CMA_diagonal": true
  },
  "metrics": {
    "final_accuracy": 0.9679157137870789,
    "best_accuracy": 0.9679157137870789,
    "wall_time_seconds": 0.2770860195159912,
    "peak_gpu_memory_mb": 18.67,
    "function_evals": 8550,
    "total_steps": 171,
    "num_satisfied": 4133,
    "num_unsatisfied": 137,
    "num_clauses": 4270
  },
  "epoch_logs": [
    {
      "epoch": 100,
      "accuracy": 0.9543325304985046,
      "loss": 0.04566746950149536,
      "time": 0.16120195388793945
    },
    {
      "epoch": 171,
      "accuracy": 0.9679157137870789,
      "loss": 0.03208434581756592,
      "time": 0.27698278427124023
    }
  ],
  "step_logs": []
}