{
  "benchmark": "maxsat_1000v",
  "method": "cmaes",
  "seed": 42,
  "timestamp": "2026-04-18T01:37:54Z",
  "environment": {
    "torch_version": "2.11.0+cu130",
    "python_version": "3.12.3",
    "platform": "Linux",
    "platform_release": "6.17.0-20-generic",
    "cuda_version": "13.0",
    "gpu_model": "NVIDIA GeForce RTX 5090",
    "gpu_count": 1,
    "peak_gpu_memory_mb": 18.67
  },
  "hyperparameters": {
    "popsize": 50,
    "sigma0": 1.0,
    "cra_lambda": 0.0,
    "cra_alpha": 2,
    "num_vars": 1000,
    "max_evals": 50000,
    "CMA_diagonal": true
  },
  "metrics": {
    "final_accuracy": 0.9725995063781738,
    "best_accuracy": 0.9725995063781738,
    "wall_time_seconds": 0.2782714366912842,
    "peak_gpu_memory_mb": 18.67,
    "function_evals": 8850,
    "total_steps": 177,
    "num_satisfied": 4153,
    "num_unsatisfied": 117,
    "num_clauses": 4270
  },
  "epoch_logs": [
    {
      "epoch": 100,
      "accuracy": 0.9585480093955994,
      "loss": 0.041451990604400635,
      "time": 0.15807342529296875
    },
    {
      "epoch": 177,
      "accuracy": 0.9725995063781738,
      "loss": 0.027400493621826172,
      "time": 0.27817296981811523
    }
  ],
  "step_logs": []
}