{
  "benchmark": "maxsat_5000v",
  "method": "cmaes",
  "seed": 123,
  "timestamp": "2026-04-18T01:39:12Z",
  "environment": {
    "torch_version": "2.11.0+cu130",
    "python_version": "3.12.3",
    "platform": "Linux",
    "platform_release": "6.17.0-20-generic",
    "cuda_version": "13.0",
    "gpu_model": "NVIDIA GeForce RTX 5090",
    "gpu_count": 1,
    "peak_gpu_memory_mb": 60.83
  },
  "hyperparameters": {
    "popsize": 50,
    "sigma0": 1.0,
    "cra_lambda": 0.0,
    "cra_alpha": 2,
    "num_vars": 5000,
    "max_evals": 50000,
    "CMA_diagonal": true
  },
  "metrics": {
    "final_accuracy": 0.9470701217651367,
    "best_accuracy": 0.9470701217651367,
    "wall_time_seconds": 2.154696464538574,
    "peak_gpu_memory_mb": 60.83,
    "function_evals": 16000,
    "total_steps": 320,
    "num_satisfied": 20219,
    "num_unsatisfied": 1130,
    "num_clauses": 21349
  },
  "epoch_logs": [
    {
      "epoch": 100,
      "accuracy": 0.9202304482460022,
      "loss": 0.0797695517539978,
      "time": 0.7036678791046143
    },
    {
      "epoch": 200,
      "accuracy": 0.9437912702560425,
      "loss": 0.05620872974395752,
      "time": 1.370009422302246
    },
    {
      "epoch": 300,
      "accuracy": 0.9470232725143433,
      "loss": 0.05297672748565674,
      "time": 2.029569149017334
    },
    {
      "epoch": 320,
      "accuracy": 0.9470701217651367,
      "loss": 0.05292993783950806,
      "time": 2.1545732021331787
    }
  ],
  "step_logs": []
}